{
  "default_spawner_range": 52,
  "default_spawner_range_enabled": 0,
  "disable_count": 0,
  "disable_egg_removal_from_spawner": 0,
  "disable_range": 0,
  "disable_silk_touch": 0,
  "disable_spawner_config": 0,
  "disable_speed": 0,
  "display_item_id_from_right_click_in_log": 0,
  "limited_spawns_amount": 32,
  "limited_spawns_enabled": 0,
  "monster_egg_drop_chance": 5,
  "monster_egg_only_drop_when_killed_by_player": 0,
  "spawner_hardness": 5,
  "item_id_blacklist": [],
  "disable_specific_egg_drops": {
    "aether:aechor_plant": 0,
    "aether:aerbunny": 0,
    "aether:aerwhale": 0,
    "aether:blue_swet": 0,
    "aether:cockatrice": 0,
    "aether:evil_whirlwind": 0,
    "aether:fire_minion": 0,
    "aether:flying_cow": 0,
    "aether:golden_swet": 0,
    "aether:mimic": 0,
    "aether:moa": 0,
    "aether:phyg": 0,
    "aether:sentry": 0,
    "aether:sheepuff": 0,
    "aether:slider": 0,
    "aether:sun_spirit": 0,
    "aether:valkyrie": 0,
    "aether:valkyrie_queen": 0,
    "aether:whirlwind": 0,
    "aether:zephyr": 0,
    "deeperdarker:angler_fish": 0,
    "deeperdarker:sculk_centipede": 0,
    "deeperdarker:sculk_leech": 0,
    "deeperdarker:sculk_snapper": 0,
    "deeperdarker:shattered": 0,
    "deeperdarker:shriek_worm": 0,
    "deeperdarker:sludge": 0,
    "deeperdarker:stalker": 0,
    "friendsandfoes:copper_golem": 0,
    "friendsandfoes:crab": 0,
    "friendsandfoes:glare": 0,
    "friendsandfoes:iceologer": 0,
    "friendsandfoes:illusioner": 0,
    "friendsandfoes:mauler": 0,
    "friendsandfoes:moobloom": 0,
    "friendsandfoes:rascal": 0,
    "friendsandfoes:tuff_golem": 0,
    "friendsandfoes:wildfire": 0,
    "gnumus:big_snout": 0,
    "gnumus:gnumus_hunter": 0,
    "gnumus:gnumus_hunter_not_dispawn": 0,
    "gnumus:gnumus_merchant": 0,
    "gnumus:gnumus_shaman": 0,
    "gnumus:gnumus_worker": 0,
    "gnumus:marsupial_mousse": 0,
    "gnumus:pitcher_mouse_pac": 0,
    "gnumus:pitcher_mousse": 0,
    "gnumus:small_snout": 0,
    "goblintraders:goblin_trader": 0,
    "goblintraders:vein_goblin_trader": 0,
    "minecraft:allay": 0,
    "minecraft:axolotl": 0,
    "minecraft:bat": 0,
    "minecraft:bee": 0,
    "minecraft:blaze": 0,
    "minecraft:camel": 0,
    "minecraft:cat": 0,
    "minecraft:cave_spider": 0,
    "minecraft:chicken": 0,
    "minecraft:cod": 0,
    "minecraft:cow": 0,
    "minecraft:creeper": 0,
    "minecraft:dolphin": 0,
    "minecraft:donkey": 0,
    "minecraft:drowned": 0,
    "minecraft:elder_guardian": 0,
    "minecraft:ender_dragon": 0,
    "minecraft:enderman": 0,
    "minecraft:endermite": 0,
    "minecraft:evoker": 0,
    "minecraft:fox": 0,
    "minecraft:frog": 0,
    "minecraft:ghast": 0,
    "minecraft:glow_squid": 0,
    "minecraft:goat": 0,
    "minecraft:guardian": 0,
    "minecraft:hoglin": 0,
    "minecraft:horse": 0,
    "minecraft:husk": 0,
    "minecraft:iron_golem": 0,
    "minecraft:llama": 0,
    "minecraft:magma_cube": 0,
    "minecraft:mooshroom": 0,
    "minecraft:mule": 0,
    "minecraft:ocelot": 0,
    "minecraft:panda": 0,
    "minecraft:parrot": 0,
    "minecraft:phantom": 0,
    "minecraft:pig": 0,
    "minecraft:piglin": 0,
    "minecraft:piglin_brute": 0,
    "minecraft:pillager": 0,
    "minecraft:polar_bear": 0,
    "minecraft:pufferfish": 0,
    "minecraft:rabbit": 0,
    "minecraft:ravager": 0,
    "minecraft:salmon": 0,
    "minecraft:sheep": 0,
    "minecraft:shulker": 0,
    "minecraft:silverfish": 0,
    "minecraft:skeleton": 0,
    "minecraft:skeleton_horse": 0,
    "minecraft:slime": 0,
    "minecraft:sniffer": 0,
    "minecraft:snow_golem": 0,
    "minecraft:spider": 0,
    "minecraft:squid": 0,
    "minecraft:stray": 0,
    "minecraft:strider": 0,
    "minecraft:tadpole": 0,
    "minecraft:trader_llama": 0,
    "minecraft:tropical_fish": 0,
    "minecraft:turtle": 0,
    "minecraft:vex": 0,
    "minecraft:villager": 0,
    "minecraft:vindicator": 0,
    "minecraft:wandering_trader": 0,
    "minecraft:warden": 0,
    "minecraft:witch": 0,
    "minecraft:wither": 0,
    "minecraft:wither_skeleton": 0,
    "minecraft:wolf": 0,
    "minecraft:zoglin": 0,
    "minecraft:zombie": 0,
    "minecraft:zombie_horse": 0,
    "minecraft:zombie_villager": 0,
    "minecraft:zombified_piglin": 0,
    "yungscavebiomes:ice_cube": 0,
    "yungscavebiomes:sand_snapper": 0
  }
}