{"colo":"\u0006","lul":"\u0004","x80undlurk":"\r","subprise":"\u0018","kriioxggbob":"\u0014","cold":"\u0002","wutface":"\u0011","collb":"\u001a","lilaca4wah":"\u0005","bangboobounce":"\f","x80undelladance":"\u000f","colrb":"\b","kreygasm":"\u0017","seemsgood":"\u0010","kappa":"\u0016","vexiospika":"\u0015","colp":"\u0003","notlikethis":"\u000b","semirb":"\u0007","x80undgoblinpet":"\n","lt3":"\u0001","popnemo":"\t","gataiiallobassem":"\u0013","chocoxsalut":"\u0012","lilaca4yeah":"\u0019","x80undbonk":"\u000e","myatomcoeur":"\u001b"}