{"bextension1":"I","braiden-v-directors-cut_11":"\u0094","bcreator-cs-go-20221":"7","bturbo1":"È","bbattlechefbrigade_11":"\r","bbits1":"\u0011","bthe-surge_31":"Ä","bbits800000":"+","bjackbox-party-pack_11":"Z","bkingdom-new-lands_11":"[","bsub-gifter350":"¨","bsub-gifter3000":"§","bbits4500000":"#","bmoments9":"p","bbits1750000":"\u0019","bvga-champ-20171":"Õ","bhype-train1":"V","bmoments2":"h","bbits5000000":"'","bhype-train2":"W","bmoments1":"]","bmoments4":"k","bmoments3":"j","bmoments6":"m","bglitchcon20201":"R","bmoments5":"l","bmoments8":"o","bmoments7":"n","bbits600000":"(","bsub-gifter900":"·","btwitchconeu20191":"Í","bsub-gifter100":"\u009f","bfrozen-synapse_11":"M","bglhf-pledge1":"Q","bbits400000":"!","bbits3500000":" ","bpredictionsblue-10":"\u0086","bgetting-over-it_21":"P","bsuperultracombo-20231":"Á","btwitchbot1":"É","bbattlechefbrigade_31":"\u000f","bthe-surge_11":"Â","bsub-gifter250":"¥","btwitchconamsterdam20201":"Ì","bgetting-over-it_11":"O","bsub-gifter4000":"ª","bbits75000":"*","bbits-leader1":".","bsub-gifter800":"µ","bbits-charity1":"-","bbattlechefbrigade_21":"\u000e","bbits-leader3":"0","bbits-leader2":"/","bartist-badge1":"\u000b","bthe-surge_21":"Ã","bambassador1":"\u0007","bheavy-bullets_11":"T","buser-anniversary1":"Ô","bno_audio1":"q","bvip1":"Ö","bsuperhot_11":"À","b60-seconds_21":"\u0003","bbits100000":"\u0015","btreasure-adventure-world_11":"Ç","bbits100":"\u0012","bbroken-age_11":"3","bsub-gifter550":"°","bbits200000":"\u001a","bdevil-may-cry-hd_11":";","bbits2500000":"\u001d","bduelyst_41":"C","btitan-souls_11":"Æ","bdevil-may-cry-hd_31":"=","boverwatch-league-insider_2019b4":"{","b60-seconds_31":"\u0004","bbits25000":"\u001c","boverwatch-league-insider_2019b3":"z","boverwatch-league-insider_2019b2":"y","boverwatch-league-insider_2019b1":"x","bbits300000":"\u001e","boverwatch-league-insider_2019b5":"|","bsub-gifter300":"¦","bh1z1_11":"\u0005","bdevil-may-cry-hd_21":"<","bduelyst_51":"D","bbattlerite_11":"\u0010","bdeceit_11":":","btwitchconeu20221":"Î","bstaff1":"\u0097","bdevil-may-cry-hd_41":">","btwitchconna20191":"Ð","btwitchcon20171":"Ê","bbits900000":",","boverwatch-league-insider_2019a2":"w","boverwatch-league-insider_2019a1":"v","benter-the-gungeon_11":"G","btwitchcon20181":"Ë","bduelyst_61":"E","bpremium1":"\u0093","bsub-gifter450":"«","bsub-gifter5000":"¯","b60-seconds_11":"\u0002","bmoderator1":"\\","bbroadcaster1":"2","bsub-gifter200":"¢","badmin1":"\u0006","bduelyst_71":"F","bstarbound_11":"\u0098","brift_11":"\u0095","bsubscriber6":"¿","bbits700000":")","bsubscriber5":"¾","bsubscriber4":"½","bsubscriber3":"¼","bsubscriber2":"»","bsubscriber1":"º","bsubscriber0":"¹","bdarkest-dungeon_11":"9","bbrawlhalla_11":"1","banomaly-2_11":"\b","bpower-rangers6":"\u0084","bpower-rangers5":"\u0083","bpower-rangers4":"\u0082","btyranny_11":"Ó","banonymous-cheerer1":"\n","bsub-gifter750":"´","banomaly-warzone-earth_11":"\t","bclip-champ1":"6","btwitchconeu20231":"Ï","boverwatch-league-insider_11":"t","bpower-rangers3":"\u0081","bpower-rangers2":"\u0080","bpower-rangers1":"","bpower-rangers0":"~","bmoments18":"f","bmoments19":"g","baxiom-verge_11":"\f","bfrozen-cortext_11":"L","bbits1500000":"\u0018","bsub-gifter500":"®","bmoments10":"^","bmoments11":"_","bmoments12":"`","bbits2000000":"\u001b","bmoments13":"a","bhello_neighbor_11":"U","bmoments14":"b","bmoments15":"c","bmoments16":"d","bduelyst_11":"@","bglobal_mod1":"S","bmoments17":"e","bsub-gifter10":"\u009e","bmoments20":"i","bpredictionspink-2":"\u0092","bpredictionspink-1":"\u0091","bbits10000":"\u0014","bokhlos_11":"s","b1979-revolution_11":"\u0001","bsub-gifter650":"²","bsub-gifter1000":" ","bduelyst_21":"A","bfounder0":"K","bsub-gifter25":"¤","bthis-war-of-mine_11":"Å","bbits5000":"$","bchatter-cs-go-20221":"5","bbits50000":"%","bsub-gifter5":"¬","bsub-gifter400":"©","bwarcrafthorde":"Ø","boverwatch-league-insider_2018b1":"u","bduelyst_31":"B","bpredictionsgray-1":"\u008f","bsub-gifter1":"\u009d","bpredictionsgray-2":"\u0090","bbits1000000":"\u0016","beso_11":"H","bstrafe_11":"\u0099","binnerspace_11":"X","bsub-gifter950":"¸","bsub-gift-leader3":"\u009c","bsub-gift-leader1":"\u009a","bsub-gift-leader2":"\u009b","bsub-gifter150":"¡","bsamusoffer_beta0":"\u0096","bsub-gifter700":"³","btwitchconna20201":"Ñ","bsub-gifter2000":"£","bsub-gifter50":"­","bfirewatch_11":"J","bsub-gifter850":"¶","bpartner1":"}","bno_video1":"r","bbits3000000":"\u001f","bbits500000":"&","bpredictionsblue-1":"\u0085","bpredictionsblue-2":"\u0087","bpredictionsblue-3":"\u0088","bpredictionsblue-4":"\u0089","bpredictionsblue-5":"\u008a","bpredictionsblue-6":"\u008b","bpredictionsblue-7":"\u008c","bbubsy-the-woolies_11":"4","bcuphead_11":"8","bgame-developer1":"N","bpredictionsblue-8":"\u008d","bpredictionsblue-9":"\u008e","bdevilian_11":"?","bbits4000000":"\"","bsub-gifter600":"±","bwarcraftalliance":"×","bbits1000":"\u0013","bbits1250000":"\u0017","binnerspace_21":"Y","btwitchconna20221":"Ò"}