{
    "globalBookmarks": {
        "armorer": [],
        "butcher": [],
        "cartographer": [],
        "cleric": [],
        "farmer": [],
        "fisherman": [],
        "fletcher": [],
        "leatherworker": [],
        "librarian": [],
        "mason": [],
        "shepherd": [],
        "toolsmith": [],
        "weaponsmith": [],
        "nitwit": [],
        "none": [],
        "miner": [],
        "lumber_jack": [],
        "___+++___ wandering ___+++___": [],
        "florist": [],
        "archeologist": []
    },
    "globalBookmarks1": {
        "armorer": [],
        "butcher": [],
        "cartographer": [],
        "cleric": [],
        "farmer": [],
        "fisherman": [],
        "fletcher": [],
        "leatherworker": [],
        "librarian": [],
        "mason": [],
        "shepherd": [],
        "toolsmith": [],
        "weaponsmith": [],
        "nitwit": [],
        "none": [],
        "miner": [],
        "lumber_jack": [],
        "___+++___ wandering ___+++___": [],
        "florist": [],
        "archeologist": []
    },
    "globalBookmarks2": {
        "armorer": [],
        "butcher": [],
        "cartographer": [],
        "cleric": [],
        "farmer": [],
        "fisherman": [],
        "fletcher": [],
        "leatherworker": [],
        "librarian": [],
        "mason": [],
        "shepherd": [],
        "toolsmith": [],
        "weaponsmith": [],
        "nitwit": [],
        "none": [],
        "miner": [],
        "lumber_jack": [],
        "___+++___ wandering ___+++___": [],
        "florist": [],
        "archeologist": []
    }
}